{
	"info": {
		"name": "ConsumerHub",
		"schema": "https://schema.getpostman.com/json/collection/v2.1.0/collection.json"
	},
	"item": [
		{
			"name": "Preferences",
			"item": [
				{
					"name": "GET /preferences/vehicles",
					"request": {
						"method": "GET",
						"header": [],
						"url": {
							"raw": "https://{{api_hostname}}/preferences/vehicles",
							"protocol": "https",
							"host": [
								"{{api_hostname}}"
							],
							"path": [
								"preferences",
								"vehicles"
							]
						}
					},
					"response": []
				},
				{
					"name": "POST /preferences/vehicles",
					"request": {
						"method": "POST",
						"header": [],
						"body": {
							"mode": "raw",
							"raw": "{\r\n  \"plateNumber\": \"ABC123\",\r\n  \"sortOrder\": 0,\r\n  \"isRegistered\": true\r\n}",
							"options": {
								"raw": {
									"language": "json"
								}
							}
						},
						"url": {
							"raw": "https://{{api_hostname}}/preferences/vehicles",
							"protocol": "https",
							"host": [
								"{{api_hostname}}"
							],
							"path": [
								"preferences",
								"vehicles"
							]
						}
					},
					"response": []
				},
				{
					"name": "DELETE /preferences/vehicles/{plateNumber}",
					"request": {
						"method": "DELETE",
						"header": [],
						"url": {
							"raw": "https://{{api_hostname}}/preferences/vehicles/ABC123",
							"protocol": "https",
							"host": [
								"{{api_hostname}}"
							],
							"path": [
								"preferences",
								"vehicles",
								"ABC123"
							]
						}
					},
					"response": []
				},
        {
          "name": "PUT/preferences/vehicles",
          "request": {
            "method": "PUT",
            "header": [],
            "body": {
              "mode": "raw",
              "raw": "  [{\n    \"plateNumber\": \"UF6929\",\n    \"sortOrder\": 0,\n    \"isRegistered\": false\n  },\n  {\n    \"plateNumber\": \"EAA41\",\n    \"sortOrder\": 1,\n    \"isRegistered\": false\n  }]",
              "options": {
                "raw": {
                  "language": "json"
                }
              }
            },
            "url": {
              "raw": "https://{{api_hostname}}/preferences/vehicles",
              "protocol": "https",
              "host": [
                "{{api_hostname}}"
              ],
              "path": [
                "preferences",
                "vehicles"
              ]
            }
          },
          "response": []
        }
			]
		},
		{
			"name": "GET /licences",
			"request": {
				"method": "GET",
				"header": [],
				"url": {
					"raw": "https://{{api_hostname}}/licences",
					"protocol": "https",
					"host": [
						"{{api_hostname}}"
					],
					"path": [
						"licences"
					]
				}
			},
			"response": []
		},
		{
			"name": "GET /vehicles/{plateNumber}",
			"request": {
				"method": "GET",
				"header": [],
				"url": {
					"raw": "https://{{api_hostname}}/vehicles/UN9347",
					"protocol": "https",
					"host": [
						"{{api_hostname}}"
					],
					"path": [
						"vehicles",
						"UN9347"
					]
				}
			},
			"response": []
		},
		{
			"name": "GET /vehicles/{plateNumber}/specifications",
			"request": {
				"method": "GET",
				"header": [],
				"url": {
					"raw": "https://{{api_hostname}}/vehicles/UN9347/specifications",
					"protocol": "https",
					"host": [
						"{{api_hostname}}"
					],
					"path": [
						"vehicles",
						"UN9347",
						"specifications"
					]
				}
			},
			"response": []
		}
	],
	"auth": {
		"type": "oauth2",
		"oauth2": [
			{
				"key": "tokenName",
				"value": "{{oauth_tokenName}}",
				"type": "string"
			},
			{
				"key": "clientId",
				"value": "{{oauth_clientId}}",
				"type": "string"
			},
			{
				"key": "accessTokenUrl",
				"value": "{{oauth_baseUrl}}/oauth2/v2.0/token",
				"type": "string"
			},
			{
				"key": "authUrl",
				"value": "{{oauth_baseUrl}}/oauth2/v2.0/authorize",
				"type": "string"
			},
			{
				"key": "redirect_uri",
				"value": "{{oauth_redirect_uri}}",
				"type": "string"
			},
			{
				"key": "scope",
				"value": "{{oauth_scope}}",
				"type": "string"
			},
			{
				"key": "refreshRequestParams",
				"value": [],
				"type": "any"
			},
			{
				"key": "tokenRequestParams",
				"value": [],
				"type": "any"
			},
			{
				"key": "authRequestParams",
				"value": [],
				"type": "any"
			},
			{
				"key": "challengeAlgorithm",
				"value": "S256",
				"type": "string"
			},
			{
				"key": "grant_type",
				"value": "authorization_code_with_pkce",
				"type": "string"
			},
			{
				"key": "addTokenTo",
				"value": "header",
				"type": "string"
			},
			{
				"key": "client_authentication",
				"value": "body",
				"type": "string"
			}
		]
	},
	"event": [
		{
			"listen": "prerequest",
			"script": {
				"type": "text/javascript",
				"packages": {},
				"exec": [
					""
				]
			}
		},
		{
			"listen": "test",
			"script": {
				"type": "text/javascript",
				"packages": {},
				"exec": [
					""
				]
			}
		}
	]
}
