{
	"name": "ConsumerHub - PROD",
	"values": [
		{
			"key": "oauth_tokenName",
			"value": "prod_token",
			"type": "default",
			"enabled": true
		},
		{
			"key": "oauth_clientId",
			"value": "6eb6af69-6e18-4094-ae38-b2607e6c1323",
			"type": "default",
			"enabled": true
		},
		{
			"key": "oauth_scope",
			"value": "{{oauth_clientId}} openid offline_access profile",
			"enabled": true
		},
		{
			"key": "oauth_redirect_uri",
			"value": "msauth://nz.govt.nzta.consumerhub.prod/4agfcUztJdcxHA2NFfyDIjQfCV0%3D",
			"type": "default",
			"enabled": true
		},
		{
			"key": "oauth_baseUrl",
			"value": "https://wkiamprd.b2clogin.com/tfp/wkiamprd.onmicrosoft.com/B2C_1A_PRD_SIGNUP_SIGNIN_REALME_ASSERTION",
			"type": "default",
			"enabled": true
		},
		{
			"key": "api_hostname",
			"value": "api.consumerhub.nzta.govt.nz",
			"type": "default",
			"enabled": true
		}
	],
	"_postman_variable_scope": "environment"
}