{
	"name": "ConsumerHub - QA",
	"values": [
		{
			"key": "oauth_tokenName",
			"value": "qa_token",
			"type": "default",
			"enabled": true
		},
		{
			"key": "oauth_clientId",
			"value": "26be5017-b8d1-4a01-ad16-b3bd9e819988",
			"type": "default",
			"enabled": true
		},
		{
			"key": "oauth_scope",
			"value": "{{oauth_clientId}} openid offline_access profile",
			"enabled": true
		},
		{
			"key": "oauth_redirect_uri",
			"value": "msauth://nz.govt.nzta.consumerhub.preprod/wA1sE4TZBtwoOFF1yrZ6JbzcrWo%3D",
			"type": "default",
			"enabled": true
		},
		{
			"key": "oauth_baseUrl",
			"value": "https://wkiamst.b2clogin.com/tfp/wkiamst.onmicrosoft.com/B2C_1A_ST_SIGNUP_SIGNIN_REALME_ASSERTION",
			"type": "default",
			"enabled": true
		},
		{
			"key": "api_hostname",
			"value": "api.qa.consumerhub.nzta.govt.nz",
			"type": "default",
			"enabled": true
		}
	],
	"_postman_variable_scope": "environment"
}
