{
  "connectionString": "InstrumentationKey=060a4c31-51ce-453f-aeeb-21fc0ef50cf9;IngestionEndpoint=https://australiaeast-1.in.applicationinsights.azure.com/;LiveEndpoint=https://australiaeast.livediagnostics.monitor.azure.com/;ApplicationId=9fe1686d-1c24-4d7f-840f-5e5407fe0ee4",
  "heartbeat": {
    "intervalSeconds": 60
  },
  "instrumentation": {
    "logging": {
      "level": "INFO"
    },
    "micrometer": {
      "enabled": true
    }
  },
  "preview": {
    "captureHttpServerHeaders": {
      "requestHeaders": [
        "x-wk-correlation-id"
      ]
    },
    "captureHttpClientHeaders": {
      "requestHeaders": [
        "requestId"
      ],
      "responseHeaders": [
        "requestId",
        "faultId"
      ]
    },
    "captureControllerSpans": true,
    "captureLogbackMarker": true
  },
  "sampling": {
    "percentage": 100,
    "overrides": [
      {
        "telemetryType": "request",
        "attributes": [
          {
            "key": "http.url",
            "value": "http?://[^/]+/actuator/health/[^/]+",
            "matchType": "regexp"
          }
        ],
        "percentage": 0
      }
    ]
  }
}