<?xml version="1.0" encoding="UTF-8"?>
<configuration scan="true" scanPeriod="60 seconds">
    <include resource="org/springframework/boot/logging/logback/defaults.xml"/>
    <appender name="CONSOLE" class="ch.qos.logback.core.ConsoleAppender">
        <encoder>
            <pattern>${CONSOLE_LOG_PATTERN}</pattern>
            <charset>utf8</charset>
        </encoder>
    </appender>
    <root level="INFO">
        <appender-ref ref="CONSOLE"/>
    </root>
    <logger name="org.springframework.security" level="INFO"/>
    <logger name="org.springframework.jdbc" level="INFO"/>
    <Logger name="com.zaxxer" level="INFO"/>
    <Logger name="liquibase" level="INFO"/>
    <logger name="org.springframework.web.filter.CommonsRequestLoggingFilter" level="INFO"/>
    <logger name="reactor.netty.http.client.HttpClient" level="DEBUG"/>
</configuration>